"Rank","Provider Name","Website","Provider Type","Medications Offered","Price Range","Key Characteristics & User Insights"
"1","Numan","https://numan.com/weight-loss","Online Doctor Service","Mounjaro","£209/month","https://numan.com/weight-loss"
"2","Superdrug Online Doctor","https://onlinedoctor.superdrug.com","Online Doctor Service","Mounjaro, Wegovy, Nevolat","£195–£215/month","https://metro.co.uk/2024/09/14/wont-shamed-taking-weight-loss-injections-changed-just-body-21551904/"
"3","Boots Online Doctor","https://onlinedoctor.boots.com","Online Doctor Service","Mounjaro, Wegovy","£176–£199/month","https://www.reddit.com/r/unitedkingdom/comments/1m4rxy9/major_uk_supermarket_launches_129amonth_weight/"
"4","Asda Online Doctor","https://onlinedoctor.asda.com/weight-loss-treatment/mounjaro","Online Doctor Service","Mounjaro, Wegovy","£128.98–£198.98/month","https://www.reddit.com/r/unitedkingdom/comments/1m4rxy9/major_uk_supermarket_launches_129amonth_weight/"
"5","Pharmacy2U","https://www.pharmacy2u.co.uk","Online Pharmacy","Mounjaro","£128.98–£198.98/month","https://www.pharmacy2u.co.uk/online-doctor/conditions/weight-loss/advice/what-are-glp-1-injections-and-are-they-safe"
"6","Levity","https://www.joinlevity.co.uk","Digital Health Service","Mounjaro","£195/month","https://onlinedoctor.asda.com/uk/keep-weight-off-after-mounjaro.html"
"7","PrivateDoc","https://www.privatedoc.co.uk","Online Doctor Service","Wegovy","£169–£269/month","https://onlinedoctor.superdrug.com/weight-loss-injections-on-the-nhs.html"
"8","Mayfair Weight Loss Clinic","https://www.mayfairweightlossclinic.co.uk","Private Clinic","Mounjaro, Wegovy, Saxenda","£159–£245/month","https://www.reddit.com/r/mounjarouk/"
"9","London Medical Clinic","https://www.londonmedicalclinic.co.uk/weight-loss","Private Clinic","Wegovy, Mounjaro, Saxenda","£159–£245/month","https://londonmedical.co.uk/news-and-events/your-guide-to-weight-loss-injections-in-the-uk/"
"10","The Slimming Clinic","https://theslimmingclinic.com","Private Clinic","Mounjaro, Wegovy","£154/month","https://www.pressandjournal.co.uk/fp/lifestyle/health-and-wellbeing/6652165/5-viewpoints-weight-loss-injections-reshape-world/"
"11","Phlo Clinic","https://www.phloclinic.co.uk","Private Clinic","Mounjaro","£109/month","https://phloclinic.co.uk/weight-loss-service/advice/mounjaro-guides/mounjaro-reviews"
"12","Oxford Online Pharmacy","https://www.oxfordonlinepharmacy.co.uk","Online Pharmacy","Mounjaro","£119.99/month","https://www.oxfordonlinepharmacy.co.uk/blog/the-future-of-weight-loss-drugs-what-s-coming-in-2025"
"13","Chemist4U","https://www.chemist-4-u.co.uk","Online Pharmacy","Mounjaro, Saxenda, Wegovy","£115+/month","https://www.chemist-4-u.com/weight-loss/weight-loss-injections"
"14","Click Pharmacy","https://www.clickpharmacy.co.uk","Online Pharmacy","Wegovy, Mounjaro","£103.99–£269/month","https://www.mumsnet.com/talk/weight-loss-injections/5144649-mounjaro-uk-facebook-group-is-it-gone-or-have-i-been-booted"
"15","Well Pharmacy","https://www.well.co.uk/weight-loss","Pharmacy Chain","Wegovy, Mounjaro","£127–£149/month","https://www.mumsnet.com/talk/weight-loss-injections/5144649-mounjaro-uk-facebook-group-is-it-gone-or-have-i-been-booted"
"16","Bupa","https://www.bupa.co.uk/health/weight-management","Private Health Service","Wegovy, Mounjaro","£225–£345/month","https://www.telegraph.co.uk/health-fitness/diet/weight-loss/glp-1-drugs/"
"17","Pharmacy Planet","https://www.pharmacyplanet.com","Online Pharmacy","Wegovy","£34/week","https://www.reddit.com/r/unitedkingdom/comments/1m4rxy9/major_uk_supermarket_launches_129amonth_weight/"
"18","HealthExpress","https://www.healthexpress.co.uk/weight-loss/wegovy","Online Pharmacy","Wegovy","£169–£269/month","https://www.reddit.com/r/unitedkingdom/comments/1m4rxy9/major_uk_supermarket_launches_129amonth_weight/"
"19","Prescription Doctor","https://prescriptiondoctor.com/weight-loss","Online Doctor Service","Wegovy","£139.99–£253.99/month","https://onlinedoctor.superdrug.com/weight-loss-injections-on-the-nhs.html"
"20","The Virtual Slimming Clinic","https://www.thevirtualslimmingclinic.com","Online Doctor Service","Wegovy, Mounjaro, Saxenda","Varies","https://uk.treated.com/the-weightloss-hq/extra-resources/wli-survey-results/"
"21","London Weight Loss Clinic","https://www.londonweightlossclinic.co.uk","Private Clinic","Wegovy, Mounjaro, Saxenda","£32/week (~£128/month)","https://londonmedical.co.uk/news-and-events/your-guide-to-weight-loss-injections-in-the-uk/"
"22","PharmacyOnline","https://pharmacyonline.co.uk","Online Pharmacy","Saxenda","£68/pen","https://www.telegraph.co.uk/health-fitness/diet/weight-loss/glp-1-drugs/"
"23","Cloud Pharmacy","https://www.cloudpharmacy.co.uk","Online Pharmacy","Saxenda","£59/pen","https://www.telegraph.co.uk/health-fitness/diet/weight-loss/glp-1-drugs/"
"24","London Slimming Clinic","https://londonslimmingclinic.co.uk","Private Clinic","Saxenda, Ozempic","£60/pen","https://www.sciencedirect.com/science/article/pii/S2667118224000163"
"25","Click2Pharmacy","https://www.click2pharmacy.co.uk","Online Pharmacy","Saxenda","£60/pen","https://click2pharmacy.co.uk/mounjaro-reviews-from-real-users/"
"26","Online Pharmacy 4U","https://online-pharmacy4u.co.uk","Online Pharmacy","Mounjaro, Wegovy","£119–£189/month","https://www.chemist-4-u.com/weight-loss/weight-loss-injections"
"27","Envigore","https://www.envigore.co.uk","Private Clinic","Mounjaro","£159–£199/month","https://www.reddit.com/r/mounjarouk/"
"28","SimplyMeds Online","https://simplymedsonline.co.uk","Online Pharmacy","Wegovy","£154/month","https://www.chemist-4-u.com/weight-loss/weight-loss-injections"
"29","Dr.Online","https://dronline.uk","Online Doctor Service","Wegovy, Mounjaro","Varies","https://onlinedoctor.superdrug.com/weight-loss-injections-on-the-nhs.html"
"30","The Care Pharmacy","https://www.thecarepharmacy.co.uk","Pharmacy Chain","Mounjaro","£119.99/month","https://www.chemist-4-u.com/weight-loss/weight-loss-injections"
"31","Medical Specialist Group (Midland Health)","https://midlandhealth.co.uk","Private Clinic","Wegovy, Mounjaro","Varies","https://www.pressandjournal.co.uk/fp/lifestyle/health-and-wellbeing/6652165/5-viewpoints-weight-loss-injections-reshape-world/"
"32","Verve Health Group","https://www.vervehealthgroup.co.uk","Private Clinic","Mounjaro, Wegovy","£250+/month","https://www.pressandjournal.co.uk/fp/lifestyle/health-and-wellbeing/6652165/5-viewpoints-weight-loss-injections-reshape-world/"
"33","Harley Street Obesity Clinic","https://harleystreetobesityclinic.co.uk/pages/weight-loss-injections","Private Clinic","Mounjaro, Wegovy","£169–£235/month","https://www.pressandjournal.co.uk/fp/lifestyle/health-and-wellbeing/6652165/5-viewpoints-weight-loss-injections-reshape-world/"
"34","Calleva Clinic","https://www.callevaclinic.co.uk","Private Clinic","Mounjaro","£159–£199/month","https://phloclinic.co.uk/weight-loss-service/advice/mounjaro-guides/mounjaro-reviews"